time,vehicle_id,road,speed
0,0,B2B1,13.89
1,0,B2B1,14.37
2,0,B2B1,13.99
2,1,A2B2,13.03
3,0,B2B1,14.07
3,1,A2B2,12.82
4,0,B2B1,14.71
4,1,A2B2,11.77
4,2,C0B0,13.89
5,0,B2B1,13.67
5,1,A2B2,12.22
5,2,C0B0,13.16
6,0,B2B1,13.52
6,1,A2B2,12.53
6,2,C0B0,12.94
6,3,C1C2,13.89
7,0,B2B1,13.53
7,1,A2B2,11.95
7,2,C0B0,14.02
7,3,C1C2,14.42
8,0,B2B1,14.25
8,1,A2B2,12.99
8,2,C0B0,13.83
8,3,C1C2,14.65
8,4,B1A1,13.89
9,0,B2B1,14.28
9,1,A2B2,11.74
9,2,C0B0,13.72
9,3,C1C2,13.77
9,4,B1A1,13.34
10,0,B2B1,13.76
10,1,A2B2,12.89
10,2,C0B0,13.85
10,3,C1C2,14.25
10,4,B1A1,13.35
10,5,A2A1,11.54
11,0,B2B1,13.44
11,1,A2B2,12.32
11,2,C0B0,13.48
11,3,C1C2,13.88
11,4,B1A1,13.44
11,5,A2A1,10.73
12,0,B2B1,14.49
12,1,A2B2,12.15
12,2,C0B0,13.4
12,3,C1C2,14.6
12,4,B1A1,13.48
12,5,A2A1,10.91
12,6,A0A1,13.89
13,0,:B1_1,14.1
13,1,A2B2,12.61
13,2,C0B0,13.47
13,3,C1C2,14.9
13,4,B1A1,13.69
13,5,A2A1,10.67
13,6,A0A1,13.59
14,0,B1B0,14.2
14,1,A2B2,12.43
14,2,C0B0,13.29
14,3,C1C2,13.95
14,4,B1A1,13.7
14,5,A2A1,10.84
14,6,A0A1,14.29
14,7,B2B1,12.31
15,0,B1B0,14.7
15,1,A2B2,11.87
15,2,C0B0,13.41
15,3,C1C2,14.68
15,4,B1A1,13.46
15,5,A2A1,11.12
15,6,A0A1,14.5
15,7,B2B1,12.08
16,0,B1B0,13.49
16,1,A2B2,12.54
16,2,C0B0,13.22
16,3,C1C2,14.7
16,4,B1A1,13.04
16,5,A2A1,11.39
16,6,A0A1,14.36
16,7,B2B1,11.46
16,8,A2A1,11.39
17,0,B1B0,14.32
17,1,A2B2,8.04
17,2,C0B0,13.33
17,3,C1C2,14.35
17,4,B1A1,14.05
17,5,A2A1,10.52
17,6,A0A1,14.39
17,7,B2B1,12.13
17,8,A2A1,13.01
18,0,B1B0,14.39
18,1,A2B2,3.54
18,2,C0B0,8.83
18,3,C1C2,14.17
18,4,B1A1,14.14
18,5,A2A1,11.15
18,6,A0A1,13.32
18,7,B2B1,11.99
18,8,A2A1,11.78
18,9,C1B1,11.9
19,0,B1B0,13.77
19,1,:B2_12,3.38
19,2,:B0_3,6.26
19,3,C1C2,10.42
19,4,B1A1,13.06
19,5,A2A1,10.79
19,6,A0A1,14.27
19,7,B2B1,11.14
19,8,A2A1,12.7
19,9,C1B1,11.77
20,0,B1B0,14.16
20,1,B2A2,2.58
20,10,C1B1,10.83
20,2,B0B1,6.48
20,3,:C2_0,6.13
20,4,B1A1,13.72
20,5,A2A1,11.43
20,6,A0A1,14.45
20,7,B2B1,12.04
20,8,A2A1,12.61
20,9,C1B1,10.83
21,0,B1B0,13.63
21,1,B2A2,4.12
21,10,C1B1,11.61
21,2,B0B1,8.48
21,3,C2B2,6.3
21,4,B1A1,9.71
21,5,A2A1,11.18
21,6,A0A1,13.98
21,7,B2B1,11.41
21,8,A2A1,12.4
21,9,C1B1,11.36
22,0,B1B0,13.68
22,1,B2A2,5.52
22,10,C1B1,11.62
22,2,B0B1,9.91
22,3,C2B2,7.68
22,4,B1A1,5.21
22,5,A2A1,10.83
22,6,A0A1,14.24
22,7,B2B1,12.14
22,8,A2A1,11.77
22,9,C1B1,11.34
23,0,B1B0,14.38
23,1,B2A2,7.56
23,10,C1B1,11.23
23,11,B0B1,12.34
23,2,B0B1,12.34
23,3,C2B2,9.01
23,4,B1A1,1.18
23,5,A2A1,10.7
23,6,A0A1,14.4
23,7,B2B1,11.14
23,8,A2A1,12.02
23,9,C1B1,11.56
24,0,B1B0,13.62
24,1,B2A2,9.13
24,10,C1B1,11.67
24,11,B0B1,13.97
24,12,C2B2,10.45
24,2,B0B1,13.44
24,3,C2B2,10.45
24,4,B1A1,0.9
24,5,A2A1,10.43
24,6,A0A1,14.22
24,7,B2B1,12.23
24,8,A2A1,12.76
24,9,C1B1,11.57
25,0,B1B0,14.17
25,1,B2A2,10.85
25,10,C1B1,12.13
25,11,B0B1,13.95
25,12,C2B2,12.62
25,2,B0B1,13.12
25,3,C2B2,12.99
25,4,B1A1,0.01
25,5,A2A1,11.22
25,6,A0A1,10.34
25,7,B2B1,11.86
25,8,A2A1,12.2
25,9,C1B1,11.81
26,0,B1B0,13.19
26,1,B2A2,12.17
26,10,C1B1,11.72
26,11,B0B1,13.24
26,12,C2B2,13.23
26,13,A1A0,13.89
26,2,B0B1,13.35
26,3,C2B2,14.13
26,4,B1A1,0.0
26,5,A2A1,10.53
26,6,:A1_6,6.69
26,7,B2B1,12.04
26,8,A2A1,12.95
26,9,C1B1,11.84
27,0,B1B0,8.89
27,1,B2A2,12.73
27,10,C1B1,12.04
27,11,B0B1,13.96
27,12,C2B2,13.77
27,13,A1A0,15.41
27,2,B0B1,13.61
27,3,C2B2,14.49
27,4,B1A1,0.0
27,5,A2A1,8.43
27,6,:A1_6,5.61
27,7,B2B1,12.27
27,8,A2A1,12.93
27,9,C1B1,11.52
28,0,B1B0,5.23
28,1,B2A2,12.69
28,10,C1B1,11.29
28,11,B0B1,13.04
28,12,C2B2,13.47
28,13,A1A0,14.45
28,14,C1C0,13.77
28,2,B0B1,13.86
28,3,C2B2,14.03
28,4,B1A1,0.0
28,5,:A1_1,4.44
28,6,A1B1,6.25
28,7,B2B1,11.79
28,8,A2A1,12.42
28,9,C1B1,10.99
29,0,B1B0,1.02
29,1,B2A2,12.57
29,10,C1B1,10.93
29,11,B0B1,13.32
29,12,C2B2,13.88
29,13,A1A0,15.43
29,14,C1C0,13.09
29,2,B0B1,13.75
29,3,C2B2,14.42
29,4,B1A1,0.0
29,5,:A1_9,6.39
29,6,A1B1,8.47
29,7,B2B1,9.67
29,8,A2A1,12.48
29,9,C1B1,11.03
30,0,B1B0,0.26
30,1,B2A2,12.36
30,10,C1B1,11.56
30,11,B0B1,13.69
30,12,C2B2,13.32
30,13,A1A0,15.12
30,14,C1C0,12.89
30,15,C1B1,11.72
30,2,B0B1,12.9
30,3,C2B2,14.66
30,4,B1A1,0.0
30,5,A1B1,5.48
30,6,A1B1,10.98
30,7,:B1_2,5.62
30,8,A2A1,12.14
30,9,C1B1,11.87
31,0,B1B0,0.18
31,1,B2A2,12.74
31,10,C1B1,11.6
31,11,B0B1,13.88
31,12,C2B2,14.3
31,13,A1A0,14.79
31,14,C1C0,13.17
31,15,C1B1,12.3
31,2,B0B1,13.51
31,3,C2B2,14.99
31,4,B1A1,0.0
31,5,A1B1,7.77
31,6,A1B1,13.32
31,7,:B1_16,6.0
31,8,A2A1,8.45
31,9,C1B1,11.62
32,0,B1B0,0.02
32,1,B2A2,12.88
32,10,C1B1,11.18
32,11,B0B1,13.73
32,12,C2B2,13.5
32,13,A1A0,15.55
32,14,C1C0,13.61
32,15,C1B1,12.8
32,16,B1B2,12.2
32,2,B0B1,13.54
32,3,C2B2,14.4
32,4,B1A1,0.0
32,5,A1B1,9.58
32,6,A1B1,14.26
32,7,:B1_16,6.95
32,8,:A1_1,4.6
32,9,C1B1,11.61
33,0,B1B0,0.0
33,1,B2A2,12.68
33,10,C1B1,12.49
33,11,B0B1,13.88
33,12,C2B2,14.27
33,13,A1A0,14.91
33,14,C1C0,13.37
33,15,C1B1,12.32
33,16,B1B2,11.78
33,2,B0B1,13.43
33,3,C2B2,14.23
33,4,B1A1,0.0
33,5,A1B1,10.69
33,6,A1B1,13.29
33,7,B1C1,6.28
33,8,:A1_9,6.04
33,9,C1B1,10.77
34,0,B1B0,0.0
34,1,B2A2,12.64
34,10,C1B1,11.37
34,11,B0B1,13.4
34,12,C2B2,14.03
34,13,A1A0,14.59
34,14,C1C0,13.05
34,15,C1B1,11.83
34,16,B1B2,12.05
34,17,B0C0,13.08
34,2,B0B1,13.5
34,3,C2B2,14.98
34,4,B1A1,0.0
34,5,A1B1,11.08
34,6,A1B1,13.3
34,7,B1C1,8.46
34,8,A1B1,7.5
34,9,C1B1,6.27
35,0,B1B0,0.0
35,1,B2A2,11.95
35,10,C1B1,6.87
35,11,B0B1,13.76
35,12,C2B2,14.5
35,13,A1A0,15.44
35,14,C1C0,13.43
35,15,C1B1,12.61
35,16,B1B2,11.57
35,17,B0C0,11.78
35,2,:B1_9,13.77
35,3,C2B2,14.97
35,4,B1A1,0.0
35,5,A1B1,11.08
35,6,A1B1,14.17
35,7,B1C1,10.91
35,8,A1B1,9.57
35,9,C1B1,1.77
36,0,B1B0,0.0
36,1,B2A2,11.95
36,10,C1B1,2.37
36,11,B0B1,10.96
36,12,C2B2,13.51
36,13,A1A0,15.27
36,14,C1C0,13.05
36,15,C1B1,11.74
36,16,B1B2,11.33
36,17,B0C0,12.13
36,18,C1B1,4.7
36,2,B1B2,13.99
36,3,:B2_0,14.18
36,4,B1A1,0.0
36,5,A1B1,10.72
36,6,A1B1,13.67
36,7,B1C1,11.88
36,8,A1B1,11.19
36,9,C1B1,0.0
37,0,B1B0,0.0
37,1,B2A2,9.56
37,10,C1B1,0.31
37,11,:B1_10,7.01
37,12,C2B2,11.86
37,13,A1A0,15.36
37,14,C1C0,13.69
37,15,C1B1,12.02
37,16,B1B2,11.04
37,17,B0C0,12.44
37,18,C1B1,6.58
37,2,B1B2,13.43
37,3,B2A2,14.54
37,4,B1A1,0.0
37,5,A1B1,11.12
37,6,A1B1,14.49
37,7,B1C1,11.1
37,8,A1B1,11.88
37,9,C1B1,0.0
38,0,B1B0,0.0
38,1,:A2_0,5.06
38,10,C1B1,0.01
38,11,:B1_20,7.4
38,12,C2B2,7.36
38,13,A1A0,14.98
38,14,C1C0,12.9
38,15,C1B1,12.77
38,16,B1B2,11.83
38,17,B0C0,12.38
38,18,C1B1,8.15
38,19,C1C0,12.9
38,2,B1B2,13.25
38,3,B2A2,14.15
38,4,B1A1,0.0
38,5,A1B1,10.87
38,6,A1B1,14.49
38,7,B1C1,11.1
38,8,A1B1,12.47
38,9,C1B1,0.0
39,0,B1B0,0.0
39,1,:A2_0,5.06
39,10,C1B1,0.01
39,11,B1A1,7.32
39,12,:B2_1,4.41
39,14,C1C0,12.93
39,15,C1B1,12.27
39,16,B1B2,11.84
39,17,B0C0,12.94
39,18,C1B1,10.66
39,19,C1C0,15.0
39,2,B1B2,13.27
39,3,B2A2,15.03
39,4,B1A1,0.0
39,5,A1B1,10.27
39,6,A1B1,14.09
39,7,B1C1,11.75
39,8,A1B1,12.46
39,9,C1B1,0.0
40,0,B1B0,0.0
40,1,A2A1,5.59
40,10,C1B1,0.0
40,11,B1A1,8.93
40,12,:B2_9,6.3
40,14,C1C0,12.85
40,15,C1B1,12.67
40,16,B1B2,12.11
40,17,B0C0,12.02
40,18,C1B1,12.7
40,19,C1C0,15.2
40,2,B1B2,13.62
40,20,B2C2,13.89
40,3,B2A2,14.16
40,4,B1A1,0.0
40,5,A1B1,10.39
40,6,A1B1,13.58
40,7,B1C1,11.9
40,8,A1B1,12.53
40,9,C1B1,0.0
41,0,B1B0,0.0
41,1,A2A1,8.13
41,10,C1B1,0.0
41,11,B1A1,10.74
41,12,B2B1,7.98
41,14,C1C0,12.86
41,15,C1B1,12.54
41,16,B1B2,11.87
41,17,B0C0,12.7
41,18,C1B1,11.81
41,19,C1C0,14.88
41,2,B1B2,13.77
41,20,B2C2,13.12
41,3,B2A2,14.98
41,4,B1A1,0.0
41,5,A1B1,11.49
41,6,A1B1,13.63
41,7,B1C1,11.81
41,8,A1B1,12.96
41,9,C1B1,0.0
42,0,B1B0,0.0
42,1,A2A1,10.19
42,10,C1B1,0.0
42,11,B1A1,13.22
42,12,B2B1,10.47
42,14,C1C0,8.36
42,15,C1B1,12.55
42,16,B1B2,11.17
42,17,B0C0,12.1
42,18,C1B1,12.98
42,19,C1C0,14.89
42,2,B1B2,12.9
42,20,B2C2,13.92
42,3,B2A2,14.44
42,4,B1A1,0.0
42,5,A1B1,11.02
42,7,B1C1,12.1
42,8,A1B1,11.77
42,9,C1B1,0.0
43,0,B1B0,0.0
43,1,A2A1,11.79
43,10,C1B1,0.0
43,11,B1A1,13.55
43,12,B2B1,12.26
43,14,C1C0,4.0
43,15,C1B1,9.75
43,16,B1B2,11.58
43,17,B0C0,12.76
43,18,C1B1,12.38
43,19,C1C0,15.17
43,2,B1B2,14.0
43,20,B2C2,13.15
43,21,A2A1,11.79
43,3,B2A2,14.54
43,4,B1A1,0.0
43,5,A1B1,11.4
43,7,B1C1,11.29
43,8,A1B1,12.88
43,9,C1B1,0.0
44,0,B1B0,0.0
44,1,A2A1,12.27
44,10,C1B1,0.0
44,11,B1A1,13.51
44,12,B2B1,13.71
44,14,:C0_0,2.67
44,15,C1B1,5.25
44,16,B1B2,12.01
44,17,B0C0,12.89
44,18,C1B1,12.79
44,19,C1C0,15.84
44,2,B1B2,13.49
44,20,B2C2,13.79
44,21,A2A1,13.85
44,22,A0B0,13.54
44,3,B2A2,14.33
44,4,B1A1,0.0
44,5,A1B1,11.52
44,7,B1C1,11.83
44,8,A1B1,13.01
44,9,C1B1,0.0
45,0,:B0_0,2.26
45,1,A2A1,11.8
45,10,C1B1,0.0
45,11,B1A1,14.08
45,12,B2B1,14.36
45,14,C0B0,3.72
45,15,C1B1,0.75
45,16,B1B2,11.08
45,17,B0C0,13.06
45,18,C1B1,11.78
45,19,C1C0,14.96
45,2,B1B2,13.46
45,20,B2C2,13.75
45,21,A2A1,13.76
45,22,A0B0,13.06
45,3,B2A2,13.85
45,4,:A1_11,2.54
45,5,A1B1,11.22
45,7,B1C1,11.38
45,8,A1B1,12.83
45,9,:B1_6,2.27
46,0,:B0_0,3.64
46,1,A2A1,12.11
46,10,C1B1,1.26
46,11,B1A1,14.06
46,12,B2B1,13.66
46,14,C0B0,6.12
46,15,C1B1,0.3
46,16,B1B2,10.95
46,17,B0C0,12.57
46,18,C1B1,12.62
46,19,C1C0,15.62
46,2,B1B2,12.49
46,20,B2C2,13.69
46,21,A2A1,12.65
46,22,A0B0,12.28
46,23,A1A0,12.36
46,3,B2A2,13.76
46,4,A1B1,3.15
46,5,A1B1,10.77
46,7,B1C1,11.62
46,8,A1B1,12.73
46,9,:B1_18,4.15
47,0,B0A0,6.16
47,1,A2A1,12.35
47,10,C1B1,3.0
47,11,B1A1,13.3
47,12,B2B1,13.71
47,14,C0B0,7.93
47,15,C1B1,1.24
47,16,B1B2,10.61
47,17,B0C0,12.27
47,18,C1B1,11.97
47,19,C1C0,15.03
47,2,B1B2,12.46
47,20,B2C2,13.1
47,21,A2A1,13.22
47,22,A0B0,12.57
47,23,A1A0,12.23
47,3,B2A2,14.48
47,4,A1B1,5.39
47,5,A1B1,10.4
47,7,B1C1,11.12
47,8,A1B1,11.18
47,9,:B1_18,5.99
48,0,B0A0,7.92
48,1,A2A1,12.59
48,10,:B1_4,4.93
48,11,B1A1,13.45
48,12,B2B1,13.9
48,14,C0B0,10.31
48,15,C1B1,1.99
48,16,B1B2,6.7
48,17,B0C0,11.87
48,18,C1B1,12.0
48,19,C1C0,16.02
48,2,B1B2,10.68
48,20,B2C2,13.25
48,21,A2A1,12.98
48,22,A0B0,12.31
48,23,A1A0,12.3
48,24,B2B1,11.47
48,3,B2A2,14.12
48,4,A1B1,7.38
48,5,:B1_14,5.9
48,7,B1C1,11.28
48,8,A1B1,11.7
48,9,B1B0,6.75
49,0,B0A0,10.4
49,1,A2A1,12.73
49,10,:B1_4,6.76
49,11,B1A1,13.25
49,12,B2B1,14.13
49,14,C0B0,12.26
49,15,C1B1,3.42
49,16,:B2_3,5.23
49,17,B0C0,10.08
49,18,C1B1,11.31
49,19,C1C0,14.92
49,2,B1B2,7.77
49,20,B2C2,12.87
49,21,A2A1,13.41
49,22,A0B0,13.05
49,23,A1A0,11.37
49,24,B2B1,10.44
49,3,B2A2,10.33
49,4,A1B1,9.56
49,5,:B1_14,1.62
49,8,A1B1,7.2
49,9,B1B0,8.17
50,0,B0A0,12.36
50,1,A2A1,12.66
50,10,B1B2,6.97
50,11,B1A1,14.08
50,12,B2B1,13.82
50,14,C0B0,13.08
50,15,C1B1,4.78
50,16,B2C2,5.1
50,17,:C0_1,5.58
50,18,C1B1,9.45
50,19,C1C0,10.46
50,2,B1B2,6.64
50,20,B2C2,13.25
50,21,A2A1,13.33
50,22,A0B0,13.07
50,23,A1A0,11.81
50,24,B2B1,11.33
50,25,B0B1,12.12
50,3,B2A2,7.14
50,4,A1B1,12.11
50,5,:B1_14,0.09
50,8,A1B1,3.14
50,9,B1B0,10.0
51,0,B0A0,14.56
51,1,A2A1,12.7
51,10,B1B2,8.95
51,11,B1A1,14.21
51,12,B2B1,13.54
51,14,C0B0,13.02
51,15,C1B1,3.8
51,16,B2C2,6.49
51,17,C0C1,5.15
51,18,C1B1,7.32
51,19,C1C0,6.23
51,2,:B2_3,5.78
51,20,B2C2,12.96
51,21,A2A1,12.81
51,22,A0B0,12.28
51,23,A1A0,11.25
51,24,B2B1,11.33
51,25,B0B1,11.25
51,3,:A2_0,6.18
51,4,A1B1,14.02
51,5,:B1_14,0.05
51,8,A1B1,0.26
51,9,B1B0,11.35
52,0,B0A0,13.54
52,1,A2A1,12.94
52,10,B1B2,10.38
52,11,B1A1,13.58
52,12,B2B1,13.89
52,14,C0B0,13.31
52,15,:B1_19,2.61
52,16,B2C2,8.37
52,17,C0C1,7.09
52,18,C1B1,5.96
52,19,C0B0,3.53
52,2,:B2_3,5.67
52,20,B2C2,13.51
52,21,A2A1,12.14
52,22,A0B0,12.7
52,23,A1A0,11.88
52,24,B2B1,10.92
52,25,B0B1,11.82
52,26,A2B2,12.74
52,3,A2A1,5.36
52,4,A1B1,13.3
52,5,:B1_14,0.02
52,8,A1B1,0.18
52,9,B1B0,11.48
53,0,B0A0,13.54
53,1,A2A1,12.09
53,10,B1B2,12.23
53,11,B1A1,10.86
53,12,B2B1,14.26
53,14,C0B0,12.53
53,15,B1C1,3.06
53,16,B2C2,10.79
53,17,C0C1,9.52
53,18,C1B1,3.12
53,19,C0B0,5.39
53,2,B2C2,5.31
53,20,B2C2,12.04
53,21,A2A1,13.61
53,22,A0B0,13.07
53,23,A1A0,11.85
53,24,B2B1,11.24
53,25,B0B1,11.79
53,26,A2B2,11.61
53,3,A2A1,7.68
53,4,A1B1,13.31
53,5,:B1_14,0.01
53,8,A1B1,0.05
53,9,B1B0,11.86
54,0,B0A0,13.62
54,1,A2A1,12.58
54,10,B1B2,14.51
54,11,:A1_3,6.36
54,12,B2B1,9.76
54,14,C0B0,13.57
54,15,B1C1,4.52
54,16,B2C2,11.96
54,17,C0C1,11.31
54,18,C1B1,4.2
54,19,C0B0,7.14
54,2,B2C2,6.81
54,20,B2C2,7.54
54,21,A2A1,12.46
54,22,A0B0,12.26
54,23,A1A0,11.78
54,24,B2B1,10.43
54,25,B0B1,11.01
54,26,A2B2,12.66
54,27,B2B1,10.1
54,3,A2A1,9.46
54,4,A1B1,13.66
54,5,:B1_14,0.0
54,8,A1B1,0.01
54,9,B1B0,11.13
55,0,B0A0,14.59
55,1,A2A1,12.26
55,10,B1B2,14.14
55,11,A1A2,6.57
55,12,B2B1,6.4
55,14,C0B0,12.56
55,15,B1C1,6.94
55,16,B2C2,11.46
55,17,C0C1,12.29
55,18,:B1_4,4.26
55,19,C0B0,9.43
55,2,B2C2,9.27
55,20,B2C2,3.37
55,21,A2A1,12.68
55,22,A0B0,12.49
55,23,A1A0,11.56
55,24,B2B1,10.67
55,25,B0B1,11.17
55,26,A2B2,12.14
55,27,B2B1,12.21
55,3,A2A1,11.18
55,4,A1B1,13.23
55,5,:B1_14,0.0
55,8,A1B1,0.01
55,9,B1B0,11.82
56,0,B0A0,13.96
56,10,B1B2,14.78
56,11,A1A2,9.1
56,12,B2B1,2.52
56,14,C0B0,13.43
56,15,B1C1,8.72
56,16,B2C2,11.1
56,17,C0C1,12.37
56,18,:B1_4,5.86
56,19,C0B0,10.97
56,2,B2C2,11.44
56,20,:C2_1,3.63
56,21,A2A1,12.28
56,22,A0B0,12.39
56,23,A1A0,11.11
56,24,B2B1,10.54
56,25,B0B1,11.32
56,26,A2B2,12.42
56,27,B2B1,13.0
56,28,A1B1,7.06
56,3,A2A1,13.11
56,4,A1B1,14.11
56,5,:B1_14,0.0
56,8,A1B1,0.0
56,9,B1B0,11.07
57,0,B0A0,14.72
57,10,B1B2,14.25
57,11,A1A2,10.72
57,12,B2B1,0.49
57,14,C0B0,13.54
57,15,B1C1,11.14
57,16,B2C2,11.74
57,17,C0C1,12.98
57,18,B1B2,5.7
57,19,C0B0,12.85
57,2,B2C2,12.89
57,20,C2C1,2.73
57,21,A2A1,8.54
57,22,A0B0,12.7
57,23,A1A0,11.56
57,24,B2B1,10.94
57,25,B0B1,11.76
57,26,A2B2,12.6
57,27,B2B1,12.08
57,28,A1B1,8.7
57,3,A2A1,15.0
57,4,A1B1,13.72
57,5,:B1_22,2.29
57,8,A1B1,0.0
57,9,B1B0,10.6
58,0,B0A0,14.31
58,10,B1B2,14.74
58,11,A1A2,12.27
58,12,B2B1,0.07
58,14,C0B0,12.51
58,15,B1C1,11.59
58,16,B2C2,11.86
58,17,C0C1,11.79
58,18,B1B2,7.97
58,19,C0B0,15.07
58,2,B2C2,13.17
58,20,C2C1,5.25
58,21,A2A1,4.38
58,22,A0B0,10.3
58,23,A1A0,12.18
58,24,B2B1,11.35
58,25,B0B1,12.08
58,26,A2B2,12.54
58,27,B2B1,12.68
58,28,A1B1,10.8
58,29,A1A2,12.27
58,3,A2A1,14.48
58,4,A1B1,13.27
58,5,:B1_22,4.87
58,8,A1B1,1.79
58,9,B1B0,11.16
59,0,B0A0,13.72
59,10,B1B2,14.53
59,11,A1A2,14.18
59,12,B2B1,0.01
59,14,C0B0,13.5
59,15,B1C1,11.96
59,16,B2C2,11.87
59,17,C0C1,12.6
59,18,B1B2,10.16
59,19,C0B0,15.83
59,2,B2C2,12.83
59,20,C2C1,7.24
59,21,A2A1,0.75
59,22,A0B0,6.72
59,23,A1A0,11.65
59,24,B2B1,11.02
59,25,B0B1,11.97
59,26,A2B2,12.19
59,27,B2B1,12.61
59,28,A1B1,13.39
59,29,A1A2,11.95
59,3,A2A1,14.15
59,4,A1B1,13.34
59,5,B1B2,6.58
59,8,:B1_14,3.24
59,9,B1B0,10.94
60,0,B0A0,13.62
60,10,B1B2,14.41
60,11,A1A2,13.53
60,12,B2B1,0.0
60,14,C0B0,10.8
60,15,B1C1,11.81
60,16,B2C2,11.91
60,17,C0C1,12.27
60,18,B1B2,12.51
60,19,C0B0,15.21
60,2,B2C2,13.07
60,20,C2C1,9.43
60,21,A2A1,0.46
60,22,A0B0,2.22
60,23,A1A0,11.08
60,24,B2B1,10.26
60,25,B0B1,11.95
60,26,A2B2,11.69
60,27,B2B1,12.1
60,28,A1B1,15.59
60,29,A1A2,12.2
60,3,A2A1,14.93
60,30,C2C1,9.43
60,4,A1B1,11.8
60,5,B1B2,8.18
60,8,:B1_22,5.22
60,9,B1B0,11.69
61,0,B0A0,9.7
61,10,B1B2,14.14
61,11,A1A2,14.2
61,12,B2B1,0.0
61,14,C0B0,7.61
61,15,B1C1,12.02
61,16,B2C2,11.95
61,17,C0C1,12.69
61,18,B1B2,12.05
61,19,C0B0,15.2
61,2,B2C2,12.6
61,20,C2C1,11.83
61,21,A2A1,0.17
61,22,A0B0,0.02
61,23,A1A0,11.22
61,24,B2B1,10.17
61,25,B0B1,11.0
61,26,A2B2,12.09
61,27,B2B1,13.09
61,28,A1B1,15.3
61,29,A1A2,12.7
61,3,A2A1,14.56
61,30,C2C1,9.66
61,4,A1B1,10.13
61,5,B1B2,10.75
61,8,:B1_22,7.42
61,9,B1B0,11.66
62,0,B0A0,6.64
62,10,B1B2,14.68
62,11,A1A2,13.41
62,12,B2B1,0.0
62,14,:B0_3,6.37
62,15,B1C1,12.82
62,16,B2C2,11.33
62,17,C0C1,12.64
62,18,B1B2,12.65
62,19,C0B0,15.16
62,2,B2C2,12.49
62,20,C2C1,13.9
62,21,A2A1,0.01
62,22,A0B0,0.0
62,23,A1A0,9.27
62,24,B2B1,10.27
62,25,B0B1,11.68
62,26,A2B2,11.49
62,27,B2B1,12.51
62,28,A1B1,14.95
62,29,A1A2,12.51
62,3,A2A1,14.63
62,30,C2C1,12.02
62,31,B1C1,12.82
62,4,A1B1,6.39
62,5,B1B2,11.34
62,8,B1B2,7.48
62,9,B1B0,11.38
63,0,:A0_1,2.9
63,10,B1B2,11.2
63,11,A1A2,13.41
63,12,B2B1,0.0
63,14,B0B1,5.42
63,15,B1C1,12.57
63,16,B2C2,11.06
63,17,C0C1,12.5
63,18,B1B2,11.78
63,19,C0B0,15.37
63,2,B2C2,11.8
63,20,C2C1,13.76
63,21,A2A1,0.0
63,22,A0B0,0.0
63,23,:A0_0,4.77
63,24,B2B1,10.88
63,25,B0B1,12.01
63,26,A2B2,11.73
63,27,B2B1,12.99
63,28,A1B1,15.18
63,29,A1A2,12.2
63,3,A2A1,14.22
63,30,C2C1,14.05
63,31,B1C1,15.16
63,4,:B1_12,5.88
63,5,B1B2,10.56
63,8,B1B2,9.63
63,9,B1B0,11.72
64,0,A0A1,4.13
64,10,B1B2,6.7
64,11,A1A2,13.24
64,12,B2B1,0.0
64,14,B0B1,7.23
64,15,B1C1,11.98
64,16,B2C2,11.36
64,17,C0C1,12.97
64,18,B1B2,11.9
64,19,C0B0,15.58
64,2,B2C2,11.46
64,20,C2C1,13.74
64,21,A2A1,0.0
64,22,A0B0,0.0
64,23,A0B0,4.25
64,24,B2B1,6.98
64,25,B0B1,11.12
64,26,A2B2,11.71
64,27,B2B1,12.87
64,28,A1B1,15.45
64,29,A1A2,12.38
64,3,A2A1,13.86
64,30,C2C1,13.86
64,31,B1C1,15.84
64,32,C1C0,13.89
64,4,B1B0,6.1
64,5,B1B2,11.49
64,8,B1B2,11.57
64,9,B1B0,9.57
65,0,A0A1,6.41
65,10,:B2_3,7.03
65,11,A1A2,13.4
65,12,B2B1,0.0
65,14,B0B1,8.8
65,15,B1C1,12.63
65,16,B2C2,11.29
65,17,C0C1,12.12
65,18,B1B2,11.95
65,19,C0B0,15.59
65,2,B2C2,11.48
65,20,C2C1,13.04
65,21,A2A1,0.0
65,22,A0B0,0.0
65,23,A0B0,6.17
65,24,B2B1,2.65
65,25,B0B1,9.64
65,26,A2B2,11.64
65,27,B2B1,11.89
65,28,A1B1,15.65
65,29,A1A2,11.84
65,3,A2A1,11.21
65,30,C2C1,13.72
65,31,B1C1,15.06
65,32,C1C0,13.95
65,4,B1B0,7.67
65,5,B1B2,10.39
65,8,B1B2,12.72
65,9,B1B0,5.52
66,0,A0A1,8.73
66,10,B2C2,7.01
66,11,A1A2,13.99
66,12,B2B1,0.0
66,14,B0B1,10.66
66,15,B1C1,11.74
66,16,B2C2,11.27
66,17,C0C1,10.97
66,18,B1B2,12.33
66,19,C0B0,11.85
66,2,B2C2,12.52
66,20,C2C1,12.89
66,21,A2A1,0.0
66,22,A0B0,0.0
66,23,A0B0,7.87
66,24,B2B1,0.51
66,25,B0B1,5.38
66,26,A2B2,12.73
66,27,B2B1,12.01
66,28,A1B1,14.61
66,29,A1A2,12.92
66,3,A2A1,6.94
66,30,C2C1,12.42
66,31,B1C1,15.44
66,32,C1C0,13.84
66,33,A2A1,3.47
66,4,B1B0,8.97
66,5,B1B2,10.26
66,8,B1B2,11.76
66,9,:B0_0,4.37
67,0,A0A1,10.41
67,10,B2C2,9.01
67,11,A1A2,13.5
67,12,B2B1,0.0
67,14,B0B1,13.23
67,15,B1C1,12.33
67,16,B2C2,8.22
67,17,C0C1,6.47
67,18,B1B2,12.4
67,19,C0B0,8.1
67,2,B2C2,10.91
67,20,C2C1,13.39
67,21,A2A1,0.0
67,22,A0B0,0.0
67,23,A0B0,9.31
67,24,B2B1,0.04
67,25,B0B1,2.46
67,26,A2B2,10.32
67,27,B2B1,9.2
67,28,A1B1,15.45
67,29,A1A2,12.04
67,3,A2A1,3.05
67,30,C2C1,12.65
67,31,B1C1,14.79
67,32,C1C0,13.74
67,33,A2A1,5.38
67,4,B1B0,10.43
67,5,B1B2,10.92
67,8,B1B2,11.71
67,9,B0A0,5.33
68,0,A0A1,12.15
68,10,B2C2,10.48
68,11,A1A2,13.1
68,12,B2B1,0.0
68,14,B0B1,12.65
68,15,B1C1,12.0
68,16,B2C2,4.27
68,17,C0C1,3.34
68,18,B1B2,12.94
68,19,:B0_3,6.39
68,2,B2C2,8.75
68,20,C2C1,14.07
68,21,A2A1,0.0
68,22,A0B0,0.0
68,23,A0B0,11.47
68,24,B2B1,0.01
68,25,B0B1,0.06
68,26,:B2_6,5.82
68,27,B2B1,4.7
68,28,A1B1,15.55
68,29,A1A2,12.7
68,3,A2A1,0.03
68,30,C2C1,13.53
68,31,B1C1,14.82
68,32,C1C0,13.21
68,33,A2A1,7.67
68,4,B1B0,11.95
68,5,B1B2,11.07
68,8,B1B2,11.64
68,9,B0A0,7.21
69,0,A0A1,14.53
69,10,B2C2,12.4
69,11,A1A2,13.38
69,12,B2B1,0.0
69,14,B0B1,13.57
69,15,B1C1,11.75
69,16,:C2_1,3.09
69,17,C0C1,0.1
69,18,B1B2,11.74
69,19,B0B1,6.71
69,2,B2C2,5.19
69,20,C2C1,13.0
69,21,A2A1,0.0
69,22,A0B0,0.0
69,23,A0B0,11.4
69,24,B2B1,0.0
69,25,B0B1,0.0
69,26,:B2_6,5.62
69,27,B2B1,0.32
69,28,:B1_13,15.32
69,29,A1A2,12.44
69,3,A2A1,0.0
69,30,C2C1,14.21
69,31,B1C1,15.86
69,32,C1C0,13.33
69,33,A2A1,9.37
69,4,B1B0,13.45
69,5,B1B2,11.25
69,8,B1B2,11.27
69,9,B0A0,9.29
70,0,A0A1,14.1
70,10,B2C2,13.9
70,12,B2B1,0.0
70,14,B0B1,13.11
70,15,B1C1,8.45
70,16,C2C1,2.33
70,17,C0C1,0.05
70,18,B1B2,12.88
70,19,B0B1,8.4
70,2,B2C2,3.85
70,20,C2C1,14.06
70,21,A2A1,0.0
70,22,A0B0,0.0
70,23,A0B0,11.69
70,24,B2B1,0.0
70,25,B0B1,0.0
70,26,B2B1,5.85
70,27,B2B1,0.23
70,28,B1C1,15.26
70,29,A1A2,12.48
70,3,A2A1,0.0
70,30,C2C1,13.7
70,31,B1C1,15.73
70,32,C1C0,12.81
70,33,A2A1,11.48
70,34,B0A0,11.66
70,35,A2A1,3.83
70,4,B1B0,13.35
70,5,B1B2,10.45
70,8,B1B2,11.54
70,9,B0A0,11.66
71,0,A0A1,14.31
71,10,B2C2,14.17
71,12,B2B1,0.0
71,14,B0B1,13.26
71,15,:C1_6,5.39
71,16,C2C1,4.34
71,17,C0C1,0.04
71,18,B1B2,12.2
71,19,B0B1,10.29
71,2,B2C2,1.69
71,20,C2C1,13.15
71,21,A2A1,0.0
71,22,A0B0,0.0
71,23,A0B0,12.08
71,24,B2B1,0.0
71,25,B0B1,0.0
71,26,B2B1,8.3
71,27,B2B1,0.01
71,28,B1C1,14.82
71,29,A1A2,12.34
71,3,A2A1,0.0
71,30,C2C1,14.28
71,31,B1C1,15.63
71,32,C1C0,13.34
71,33,A2A1,13.67
71,34,B0A0,12.85
71,35,A2A1,5.79
71,4,B1B0,13.98
71,5,B1B2,10.38
71,8,B1B2,11.28
71,9,B0A0,11.38
72,0,A0A1,14.31
72,10,B2C2,14.38
72,12,B2B1,0.0
72,14,B0B1,12.99
72,15,C1C0,5.45
72,16,C2C1,6.05
72,17,C0C1,0.0
72,18,B1B2,10.72
72,19,B0B1,12.6
72,2,B2C2,3.91
72,20,C2C1,10.75
72,21,A2A1,0.0
72,22,A0B0,0.0
72,23,A0B0,11.1
72,24,B2B1,0.0
72,25,B0B1,0.0
72,26,B2B1,10.76
72,27,B2B1,0.01
72,28,B1C1,15.43
72,29,A1A2,12.22
72,3,A2A1,0.0
72,30,C2C1,12.7
72,31,B1C1,15.16
72,32,C1C0,12.71
72,33,A2A1,15.48
72,34,B0A0,12.0
72,35,A2A1,7.58
72,36,C1C2,13.52
72,4,B1B0,13.61
72,5,B1B2,10.77
72,8,B1B2,10.82
72,9,B0A0,11.45
73,0,A0A1,13.6
73,10,B2C2,14.15
73,12,B2B1,0.0
73,14,B0B1,12.69
73,15,C1C0,7.33
73,16,C2C1,8.51
73,17,C0C1,0.0
73,18,:B2_4,7.25
73,19,B0B1,14.66
73,20,C2C1,6.88
73,21,A2A1,0.0
73,22,A0B0,0.0
73,23,A0B0,11.96
73,24,B2B1,0.0
73,25,B0B1,0.0
73,26,B2B1,11.49
73,27,B2B1,0.0
73,28,B1C1,14.61
73,29,A1A2,7.72
73,3,A2A1,0.0
73,30,C2C1,10.78
73,31,B1C1,12.7
73,32,C1C0,13.29
73,33,A2A1,15.91
73,34,B0A0,11.1
73,35,A2A1,9.8
73,36,C1C2,12.66
73,4,B1B0,14.31
73,5,B1B2,10.6
73,8,B1B2,10.21
73,9,B0A0,10.91
74,0,A0A1,14.29
74,10,B2C2,14.67
74,12,B2B1,0.0
74,14,B0B1,13.7
74,15,C1C0,9.45
74,16,C2C1,10.78
74,17,C0C1,0.0
74,18,:B2_4,6.21
74,19,B0B1,14.81
74,20,:C1_0,6.01
74,21,A2A1,0.0
74,22,A0B0,0.0
74,23,A0B0,11.69
74,24,B2B1,0.0
74,25,B0B1,0.0
74,26,B2B1,12.29
74,27,B2B1,0.0
74,28,B1C1,15.0
74,29,A1A2,3.52
74,3,A2A1,0.0
74,30,C2C1,6.78
74,31,B1C1,8.6
74,32,C1C0,12.85
74,33,A2A1,14.98
74,34,B0A0,10.58
74,35,A2A1,11.76
74,36,C1C2,12.97
74,37,B2B1,3.07
74,4,B1B0,14.29
74,5,B1B2,10.41
74,8,B1B2,10.9
74,9,B0A0,10.73
75,0,A0A1,13.86
75,10,B2C2,14.54
75,12,B2B1,0.0
75,14,B0B1,12.66
75,15,C1C0,11.23
75,16,C2C1,11.38
75,17,C0C1,0.0
75,18,B2A2,7.39
75,19,B0B1,15.99
75,20,C1B1,6.2
75,21,A2A1,0.0
75,22,A0B0,0.0
75,23,A0B0,11.6
75,24,B2B1,0.0
75,25,B0B1,0.0
75,26,B2B1,11.63
75,27,B2B1,0.0
75,28,B1C1,14.7
75,29,:A2_1,2.6
75,3,A2A1,0.0
75,30,C2C1,5.73
75,31,B1C1,4.63
75,32,C1C0,13.92
75,33,A2A1,15.55
75,34,B0A0,11.33
75,35,A2A1,13.41
75,36,C1C2,13.14
75,37,B2B1,4.97
75,4,B1B0,13.96
75,5,B1B2,10.33
75,8,B1B2,10.73
75,9,B0A0,11.07
76,0,A0A1,14.38
76,10,B2C2,14.27
76,12,B2B1,0.0
76,14,B0B1,12.89
76,15,C1C0,11.6
76,16,C2C1,11.29
76,17,C0C1,0.0
76,18,B2A2,8.79
76,19,B0B1,15.86
76,20,C1B1,7.54
76,21,A2A1,0.0
76,22,A0B0,0.0
76,23,A0B0,11.59
76,24,B2B1,0.0
76,25,B0B1,0.0
76,26,B2B1,11.68
76,27,B2B1,0.0
76,28,B1C1,14.89
76,29,A2B2,3.23
76,3,A2A1,0.0
76,30,:C1_0,6.09
76,31,:C1_8,1.66
76,32,C1C0,13.69
76,33,A2A1,15.34
76,34,B0A0,11.1
76,35,A2A1,13.23
76,36,C1C2,13.1
76,37,B2B1,7.49
76,38,C1C2,13.1
76,4,B1B0,13.89
76,5,B1B2,11.46
76,8,B1B2,10.23
76,9,B0A0,11.29
77,0,A0A1,14.34
77,10,B2C2,13.89
77,12,B2B1,0.0
77,14,B0B1,9.87
77,15,C1C0,11.85
77,16,C2C1,11.26
77,17,C0C1,0.0
77,18,B2A2,10.6
77,19,B0B1,15.02
77,20,C1B1,10.06
77,21,A2A1,0.0
77,22,A0B0,0.0
77,23,A0B0,12.11
77,24,B2B1,0.0
77,25,B0B1,0.0
77,26,B2B1,12.35
77,27,B2B1,0.0
77,28,B1C1,14.99
77,29,A2B2,5.62
77,3,A2A1,0.0
77,30,C1B1,7.5
77,31,:C1_8,0.59
77,32,C1C0,11.98
77,33,A2A1,15.2
77,34,B0A0,10.89
77,35,A2A1,13.55
77,36,C1C2,12.97
77,37,B2B1,9.31
77,38,C1C2,14.43
77,4,B1B0,13.07
77,8,B1B2,11.06
77,9,B0A0,11.33
78,0,A0A1,14.26
78,10,B2C2,14.15
78,12,B2B1,0.0
78,14,B0B1,6.17
78,15,C1C0,12.65
78,16,C2C1,12.12
78,17,C0C1,0.0
78,18,B2A2,11.71
78,19,B0B1,14.96
78,20,C1B1,12.38
78,21,A2A1,0.0
78,22,A0B0,0.0
78,23,A0B0,11.22
78,24,B2B1,0.0
78,25,B0B1,0.0
78,26,B2B1,12.33
78,27,B2B1,0.0
78,28,B1C1,14.42
78,29,A2B2,7.19
78,3,A2A1,0.0
78,30,C1B1,9.39
78,31,:C1_8,0.17
78,32,C1C0,7.48
78,33,A2A1,13.78
78,34,B0A0,11.21
78,35,A2A1,13.16
78,36,C1C2,12.48
78,37,B2B1,11.55
78,38,C1C2,14.6
78,4,B1B0,11.96
78,8,B1B2,10.31
78,9,B0A0,10.69
79,10,B2C2,14.48
79,12,B2B1,0.0
79,14,B0B1,1.67
79,15,C1C0,12.19
79,16,C2C1,11.93
79,17,C0C1,0.0
79,18,B2A2,12.97
79,19,B0B1,15.63
79,20,C1B1,12.92
79,21,A2A1,0.0
79,22,A0B0,0.0
79,23,A0B0,11.36
79,24,B2B1,0.0
79,25,B0B1,0.0
79,26,B2B1,12.56
79,27,B2B1,0.0
79,28,B1C1,14.44
79,29,A2B2,9.43
79,3,A2A1,0.0
79,30,C1B1,11.97
79,31,:C1_12,2.35
79,32,C1C0,3.15
79,33,A2A1,9.28
79,34,B0A0,11.23
79,35,A2A1,13.42
79,36,C1C2,12.46
79,37,B2B1,14.03
79,38,C1C2,14.9
79,39,A2B2,9.43
79,4,B1B0,8.48
79,8,:B2_4,6.42
79,9,B0A0,11.02
80,12,B2B1,0.0
80,14,B0B1,0.11
80,15,C1C0,12.57
80,16,C2C1,12.01
80,17,C0C1,0.0
80,18,B2A2,11.72
80,19,B0B1,12.5
80,20,C1B1,13.89
80,21,A2A1,0.0
80,22,A0B0,0.0
80,23,A0B0,9.6
80,24,B2B1,0.0
80,25,B0B1,0.0
80,26,B2B1,12.1
80,27,B2B1,0.0
80,28,B1C1,14.71
80,29,A2B2,11.23
80,3,A2A1,0.0
80,30,C1B1,13.06
80,31,C1B1,3.83
80,32,:C0_0,2.69
80,33,A2A1,4.78
80,34,B0A0,10.75
80,35,A2A1,13.45
80,36,C1C2,13.07
80,37,B2B1,16.0
80,38,C1C2,14.33
80,39,A2B2,10.33
80,4,:B0_0,5.99
80,40,B1C1,14.31
80,8,:B2_4,7.17
80,9,B0A0,11.22
81,12,B2B1,0.0
81,14,B0B1,0.04
81,15,C1C0,11.87
81,16,C2C1,11.57
81,17,C0C1,0.0
81,18,B2A2,12.05
81,19,B0B1,9.19
81,20,C1B1,12.87
81,21,A2A1,0.0
81,22,A0B0,0.0
81,23,A0B0,5.39
81,24,B2B1,0.0
81,25,B0B1,0.0
81,26,B2B1,12.15
81,27,B2B1,0.0
81,28,B1C1,13.69
81,29,A2B2,12.01
81,3,A2A1,0.0
81,30,C1B1,14.64
81,31,C1B1,5.88
81,32,C0B0,3.18
81,33,A2A1,0.6
81,34,B0A0,11.78
81,35,A2A1,13.37
81,36,C1C2,13.42
81,37,B2B1,15.35
81,38,C1C2,14.86
81,39,A2B2,11.08
81,4,B0A0,5.47
81,40,B1C1,13.41
81,8,B2A2,6.69
81,9,B0A0,11.59
82,12,B2B1,0.0
82,14,B0B1,0.0
82,15,C1C0,12.31
82,16,C2C1,11.86
82,17,C0C1,0.0
82,18,B2A2,12.39
82,19,B0B1,4.7
82,20,C1B1,13.43
82,21,A2A1,0.0
82,22,A0B0,0.0
82,23,A0B0,2.31
82,24,B2B1,0.0
82,25,B0B1,0.0
82,26,B2B1,11.54
82,27,B2B1,0.0
82,28,B1C1,11.74
82,29,A2B2,11.7
82,3,A2A1,0.0
82,30,C1B1,13.28
82,31,C1B1,7.67
82,32,C0B0,4.49
82,33,A2A1,0.02
82,34,B0A0,10.97
82,35,A2A1,13.93
82,36,C1C2,12.54
82,37,B2B1,15.97
82,38,C1C2,15.12
82,39,A2B2,11.39
82,4,B0A0,7.18
82,40,B1C1,13.76
82,8,B2A2,8.84
82,9,B0A0,11.36
83,12,B2B1,0.0
83,14,B0B1,0.0
83,15,C1C0,11.65
83,16,C2C1,11.71
83,17,C0C1,0.0
83,18,B2A2,12.81
83,19,B0B1,1.03
83,20,C1B1,13.53
83,21,A2A1,0.0
83,22,A0B0,0.0
83,23,A0B0,0.27
83,24,B2B1,0.0
83,25,B0B1,0.0
83,26,B2B1,10.14
83,27,B2B1,0.0
83,28,:C1_6,7.24
83,29,A2B2,12.64
83,3,A2A1,0.0
83,30,C1B1,13.59
83,31,C1B1,9.05
83,32,C0B0,6.59
83,33,A2A1,0.01
83,34,B0A0,11.11
83,35,A2A1,9.69
83,36,C1C2,12.48
83,37,B2B1,15.26
83,38,C1C2,15.25
83,39,A2B2,12.01
83,4,B0A0,8.57
83,40,B1C1,13.39
83,8,B2A2,11.04
83,9,B0A0,11.81
84,12,B2B1,0.0
84,14,B0B1,0.0
84,15,C1C0,12.47
84,16,C2C1,11.98
84,17,C0C1,0.0
84,18,B2A2,11.98
84,19,B0B1,0.1
84,20,C1B1,13.47
84,21,A2A1,0.0
84,22,A0B0,0.0
84,23,A0B0,0.03
84,24,B2B1,0.0
84,25,B0B1,0.0
84,26,B2B1,6.1
84,27,B2B1,0.0
84,28,:C1_6,6.59
84,29,A2B2,12.77
84,3,A2A1,0.0
84,30,C1B1,13.9
84,31,C1B1,11.22
84,32,C0B0,8.63
84,33,A2A1,0.0
84,34,B0A0,11.61
84,35,A2A1,6.37
84,36,C1C2,13.37
84,37,B2B1,15.22
84,38,C1C2,14.96
84,39,A2B2,11.97
84,4,B0A0,9.95
84,40,B1C1,13.47
84,41,B2A2,12.37
84,42,B0C0,13.89
84,8,B2A2,12.76
84,9,B0A0,8.99
85,12,B2B1,0.0
85,14,B0B1,0.0
85,15,C1C0,12.06
85,16,C2C1,10.99
85,17,C0C1,0.0
85,18,B2A2,12.4
85,19,B0B1,0.0
85,20,C1B1,13.09
85,21,A2A1,0.0
85,22,A0B0,0.0
85,23,A0B0,0.0
85,24,B2B1,0.0
85,25,B0B1,0.0
85,26,B2B1,2.69
85,27,B2B1,0.0
85,28,C1C0,6.3
85,29,A2B2,12.27
85,3,A2A1,0.0
85,30,C1B1,13.22
85,31,C1B1,13.34
85,32,C0B0,10.32
85,33,A2A1,0.0
85,34,B0A0,9.63
85,35,A2A1,2.15
85,36,C1C2,12.57
85,37,B2B1,11.14
85,38,C1C2,14.05
85,39,A2B2,11.95
85,4,B0A0,11.34
85,40,B1C1,13.24
85,41,B2A2,12.06
85,42,B0C0,14.95
85,8,B2A2,11.97
85,9,B0A0,5.99
86,12,B2B1,0.0
86,14,B0B1,0.0
86,15,C1C0,12.68
86,16,C2C1,12.1
86,17,C0C1,0.0
86,18,B2A2,12.55
86,19,B0B1,0.0
86,20,C1B1,13.88
86,21,A2A1,0.0
86,22,A0B0,0.0
86,23,A0B0,0.0
86,24,B2B1,0.0
86,25,B0B1,0.0
86,26,B2B1,0.43
86,27,B2B1,0.0
86,28,C1C0,8.04
86,29,A2B2,12.09
86,3,A2A1,0.0
86,30,C1B1,13.62
86,31,C1B1,15.43
86,32,C0B0,12.04
86,33,A2A1,0.0
86,34,B0A0,6.82
86,35,A2A1,0.32
86,36,C1C2,9.75
86,37,B2B1,8.0
86,38,C1C2,14.8
86,39,A2B2,12.13
86,4,B0A0,13.33
86,40,B1C1,14.02
86,41,B2A2,13.25
86,42,B0C0,14.26
86,43,C2C1,12.1
86,8,B2A2,12.56
86,9,:A0_1,2.49
87,12,B2B1,0.0
87,14,B0B1,0.0
87,15,C1C0,12.0
87,16,C2C1,11.38
87,17,C0C1,0.0
87,18,B2A2,12.31
87,19,B0B1,0.0
87,20,C1B1,13.36
87,21,A2A1,0.0
87,22,A0B0,0.0
87,23,A0B0,0.0
87,24,B2B1,0.0
87,25,B0B1,0.0
87,26,B2B1,0.24
87,27,B2B1,0.0
87,28,C1C0,9.87
87,29,A2B2,11.81
87,3,A2A1,0.0
87,30,C1B1,13.55
87,31,C1B1,14.95
87,32,C0B0,13.92
87,33,A2A1,0.0
87,34,B0A0,3.3
87,35,A2A1,0.01
87,36,C1C2,7.07
87,37,B2B1,3.5
87,38,C1C2,13.07
87,39,A2B2,11.32
87,4,B0A0,13.85
87,40,B1C1,13.47
87,41,B2A2,12.61
87,42,B0C0,14.48
87,43,C2C1,14.1
87,8,B2A2,12.42
87,9,A0A1,2.94
88,12,B2B1,0.0
88,14,B0B1,0.0
88,15,C1C0,8.82
88,17,C0C1,0.0
88,18,B2A2,12.19
88,19,B0B1,0.0
88,20,C1B1,12.97
88,21,A2A1,0.0
88,22,A0B0,0.0
88,23,A0B0,0.0
88,24,B2B1,0.0
88,25,B0B1,0.0
88,26,B2B1,0.01
88,27,B2B1,0.0
88,28,C1C0,12.46
88,29,A2B2,12.82
88,3,A2A1,0.0
88,30,C1B1,12.8
88,31,C1B1,15.4
88,32,C0B0,13.05
88,33,A2A1,0.0
88,34,B0A0,2.46
88,35,A2A1,0.0
88,36,:C2_0,5.39
88,37,B2B1,1.63
88,38,C1C2,10.61
88,39,A2B2,12.05
88,4,B0A0,13.25
88,40,B1C1,13.75
88,41,B2A2,13.08
88,42,B0C0,14.59
88,43,C2C1,14.39
88,44,A1A0,13.89
88,8,B2A2,12.9
88,9,A0A1,5.44
89,12,B2B1,0.0
89,14,B0B1,0.0
89,15,C1C0,4.55
89,17,C0C1,0.0
89,18,B2A2,12.92
89,19,B0B1,0.0
89,20,C1B1,10.32
89,21,A2A1,0.0
89,22,A0B0,0.0
89,23,A0B0,0.0
89,24,B2B1,0.0
89,25,B0B1,0.0
89,26,B2B1,0.0
89,27,B2B1,0.0
89,28,C1C0,13.8
89,29,A2B2,12.35
89,3,A2A1,0.0
89,30,C1B1,13.56
89,31,C1B1,15.42
89,32,C0B0,13.28
89,33,A2A1,0.0
89,34,B0A0,3.58
89,35,A2A1,0.0
89,36,C2B2,5.78
89,37,B2B1,0.06
89,38,C1C2,7.5
89,39,A2B2,12.25
89,4,B0A0,14.08
89,40,B1C1,13.72
89,41,B2A2,12.69
89,42,B0C0,14.03
89,43,C2C1,14.2
89,44,A1A0,13.91
89,8,B2A2,12.34
89,9,A0A1,7.01
90,12,:B1_1,1.91
90,14,B0B1,0.0
90,15,:C0_0,2.6
90,17,:C1_4,1.71
90,18,B2A2,12.46
90,19,B0B1,0.0
90,20,C1B1,5.82
90,21,:A1_10,2.54
90,22,:B0_7,1.46
90,23,A0B0,0.0
90,24,B2B1,0.0
90,25,:B1_9,1.94
90,26,B2B1,0.0
90,27,B2B1,0.0
90,28,C1C0,14.89
90,29,A2B2,12.46
90,3,A2A1,0.0
90,30,C1B1,10.01
90,31,C1B1,15.97
90,32,C0B0,13.0
90,33,A2A1,0.0
90,34,A0A1,3.38
90,35,A2A1,0.0
90,36,C2B2,8.08
90,37,B2B1,0.02
90,38,C1C2,5.57
90,39,A2B2,11.27
90,4,B0A0,13.82
90,40,B1C1,13.81
90,41,B2A2,12.59
90,42,B0C0,14.36
90,43,C2C1,13.96
90,44,A1A0,13.74
90,45,A1A0,13.74
90,8,B2A2,12.84
90,9,A0A1,9.22
91,12,:B1_1,3.86
91,14,B0B1,1.81
91,15,C0B0,3.32
91,17,:C1_10,3.46
91,19,B0B1,0.0
91,20,C1B1,1.91
91,21,:A1_10,3.11
91,22,:B0_11,3.71
91,23,A0B0,1.26
91,24,B2B1,1.49
91,25,:B1_9,3.41
91,26,B2B1,0.0
91,27,B2B1,0.0
91,28,C1C0,15.53
91,29,A2B2,12.26
91,3,A2A1,1.57
91,30,C1B1,5.62
91,31,C1B1,14.79
91,32,C0B0,13.64
91,33,A2A1,0.0
91,34,A0A1,5.0
91,35,A2A1,0.0
91,36,C2B2,10.26
91,37,B2B1,0.0
91,38,:C2_0,6.49
91,39,A2B2,12.06
91,4,B0A0,13.84
91,40,B1C1,13.9
91,41,B2A2,12.71
91,42,B0C0,15.11
91,43,C2C1,13.39
91,44,A1A0,14.25
91,45,A1A0,14.95
91,8,B2A2,12.51
91,9,A0A1,10.61
92,12,:B1_1,5.47
92,14,B0B1,3.43
92,15,C0B0,5.4
92,17,:C1_10,4.81
92,19,B0B1,1.32
92,20,C1B1,0.32
92,21,A1A2,2.92
92,22,:B0_11,6.12
92,23,A0B0,2.92
92,24,B2B1,3.91
92,25,:B1_9,4.79
92,26,B2B1,0.0
92,27,B2B1,0.84
92,28,C1C0,15.22
92,29,A2B2,10.75
92,3,A2A1,3.34
92,30,C1B1,3.9
92,31,C1B1,11.92
92,32,C0B0,12.94
92,33,A2A1,1.11
92,34,A0A1,7.18
92,35,A2A1,0.0
92,36,C2B2,12.05
92,37,B2B1,0.0
92,38,C2B2,5.83
92,39,A2B2,12.39
92,4,B0A0,13.43
92,40,B1C1,13.16
92,41,B2A2,12.08
92,42,B0C0,14.56
92,43,C2C1,14.04
92,44,A1A0,13.49
92,45,A1A0,14.64
92,8,B2A2,12.35
92,9,A0A1,10.8
93,12,B1B0,7.25
93,14,:B1_9,3.79
93,15,C0B0,7.24
93,17,C1B1,6.86
93,19,B0B1,3.61
93,20,C1B1,0.16
93,21,A1A2,5.19
93,22,B0B1,7.67
93,23,:B0_7,4.8
93,24,:B1_1,4.87
93,25,B1B2,6.95
93,26,B2B1,0.55
93,27,B2B1,3.05
93,28,C1C0,15.72
93,29,A2B2,6.32
93,3,A2A1,2.96
93,30,C1B1,0.43
93,31,C1B1,9.16
93,32,C0B0,13.82
93,33,A2A1,3.01
93,34,A0A1,8.64
93,35,A2A1,0.6
93,36,C2B2,12.9
93,37,B2B1,0.0
93,38,C2B2,7.38
93,39,A2B2,12.48
93,4,B0A0,13.31
93,40,B1C1,9.25
93,41,B2A2,12.17
93,42,B0C0,14.48
93,43,C2C1,13.31
93,44,A1A0,13.24
93,45,A1A0,14.01
93,8,B2A2,12.83
93,9,A0A1,11.9
94,12,B1B0,9.06
94,14,:B1_9,5.11
94,15,C0B0,8.69
94,17,C1B1,9.39
94,19,B0B1,3.03
94,20,C1B1,0.11
94,21,A1A2,6.93
94,22,B0B1,9.88
94,23,:B0_11,6.73
94,24,:B1_1,6.77
94,25,B1B2,8.72
94,26,B2B1,3.13
94,27,B2B1,4.84
94,28,C1C0,15.14
94,29,:B2_6,4.79
94,3,:A1_0,4.79
94,30,C1B1,0.26
94,31,C1B1,4.66
94,32,C0B0,13.71
94,33,A2A1,3.7
94,34,A0A1,10.55
94,35,A2A1,2.24
94,36,C2B2,13.09
94,37,B2B1,0.53
94,38,C2B2,8.84
94,39,A2B2,8.69
94,4,B0A0,13.05
94,40,B1C1,5.65
94,41,B2A2,12.27
94,42,B0C0,14.28
94,43,C2C1,13.19
94,44,A1A0,13.2
94,45,A1A0,13.79
94,47,A0B0,12.51
94,8,B2A2,12.96
94,9,A0A1,11.28
95,12,B1B0,10.73
95,14,:B1_9,7.36
95,15,C0B0,10.74
95,17,C1B1,10.89
95,19,B0B1,5.46
95,20,C1B1,0.02
95,21,A1A2,9.19
95,22,B0B1,11.66
95,23,:B0_11,6.02
95,24,B1B0,8.34
95,25,B1B2,10.93
95,26,B2B1,4.04
95,27,B2B1,5.28
95,28,C1C0,15.0
95,29,:B2_6,4.8
95,3,:A1_0,6.7
95,30,C1B1,0.08
95,31,C1B1,1.68
95,32,C0B0,13.41
95,33,A2A1,4.53
95,34,A0A1,13.0
95,35,A2A1,3.78
95,36,C2B2,12.47
95,37,B2B1,2.95
95,38,C2B2,11.22
95,39,A2B2,5.08
95,4,B0A0,13.12
95,40,B1C1,1.18
95,41,B2A2,12.26
95,42,B0C0,14.42
95,43,C2C1,13.32
95,44,A1A0,13.78
95,45,A1A0,13.69
95,46,C1B1,3.17
95,47,A0B0,11.55
95,8,B2A2,12.7
95,9,A0A1,10.78
96,12,B1B0,12.24
96,14,B1B2,9.87
96,15,C0B0,11.76
96,17,C1B1,12.22
96,19,:B1_8,6.81
96,20,C1B1,0.01
96,21,A1A2,11.44
96,22,B0B1,12.71
96,23,B0B1,6.83
96,24,B1B0,10.38
96,25,B1B2,10.98
96,26,B2B1,5.73
96,27,:B1_3,2.85
96,28,C1C0,15.16
96,29,B2B1,4.89
96,3,A1A0,8.79
96,30,C1B1,0.05
96,31,C1B1,0.08
96,32,C0B0,12.15
96,33,:A1_1,6.0
96,34,A0A1,12.78
96,35,A2A1,4.82
96,36,C2B2,13.02
96,37,B2B1,4.07
96,38,C2B2,13.35
96,39,A2B2,5.14
96,4,B0A0,9.22
96,40,B1C1,0.33
96,41,B2A2,12.14
96,42,B0C0,14.06
96,43,C2C1,13.73
96,44,A1A0,13.2
96,45,A1A0,13.3
96,46,C1B1,5.51
96,47,A0B0,12.08
96,48,C2C1,12.18
96,8,B2A2,12.8
96,9,A0A1,10.82
97,12,B1B0,14.3
97,14,B1B2,11.64
97,15,C0B0,12.26
97,17,C1B1,12.92
97,19,B1C1,7.2
97,20,C1B1,0.0
97,21,A1A2,13.5
97,22,B0B1,12.52
97,23,B0B1,9.28
97,24,B1B0,11.02
97,25,B1B2,12.05
97,26,B2B1,2.53
97,27,:B1_17,2.37
97,28,C1C0,15.22
97,29,B2B1,7.46
97,3,A1A0,11.15
97,30,C1B1,0.02
97,31,C1B1,0.1
97,32,C0B0,7.85
97,33,:A1_9,8.1
97,34,A0A1,13.3
97,35,A2A1,6.31
97,36,C2B2,12.24
97,37,B2B1,5.03
97,38,C2B2,14.58
97,39,:B2_12,2.47
97,4,B0A0,5.38
97,40,B1C1,0.0
97,41,B2A2,13.13
97,42,B0C0,10.22
97,43,C2C1,13.81
97,44,A1A0,14.24
97,45,A1A0,13.9
97,46,C1B1,6.82
97,47,A0B0,11.42
97,48,C2C1,10.92
97,9,A0A1,11.37
98,12,B1B0,14.15
98,14,B1B2,12.49
98,15,C0B0,12.22
98,17,C1B1,12.46
98,19,B1C1,9.66
98,20,C1B1,0.0
98,21,A1A2,13.47
98,22,B0B1,12.98
98,23,B0B1,11.15
98,24,B1B0,10.7
98,25,B1B2,11.99
98,26,B2B1,2.92
98,27,B1B2,2.48
98,28,C1C0,10.86
98,29,B2B1,9.81
98,3,A1A0,13.71
98,30,C1B1,0.0
98,31,C1B1,0.03
98,32,C0B0,4.38
98,33,A1B1,8.81
98,34,A0A1,12.59
98,35,:A1_1,7.05
98,36,C2B2,13.43
98,37,B2B1,2.11
98,38,C2B2,14.87
98,39,:B2_12,2.27
98,4,:A0_1,2.9
98,40,B1C1,0.0
98,41,B2A2,11.84
98,42,:C0_1,6.04
98,43,C2C1,13.29
98,44,A1A0,14.05
98,45,A1A0,14.53
98,46,C1B1,9.23
98,47,A0B0,11.27
98,48,C2C1,11.6
98,49,C2C1,11.81
98,9,A0A1,10.86
99,12,B1B0,14.35
99,14,B1B2,12.36
99,15,C0B0,11.97
99,17,C1B1,12.47
99,19,B1C1,11.94
99,20,C1B1,0.0
99,21,A1A2,13.02
99,22,B0B1,13.19
99,23,B0B1,11.76
99,24,B1B0,10.72
99,25,B1B2,10.97
99,26,B2B1,3.36
99,27,B1B2,5.0
99,28,C1C0,6.68
99,29,B2B1,11.98
99,3,A1A0,14.49
99,30,C1B1,0.0
99,31,C1B1,0.01
99,32,:B0_10,3.47
99,33,A1B1,10.55
99,34,A0A1,13.57
99,35,:A1_9,6.99
99,36,C2B2,12.73
99,37,B2B1,3.12
99,38,C2B2,15.25
99,39,B2A2,2.28
99,4,A0A1,3.1
99,40,B1C1,0.0
99,41,B2A2,9.5
99,42,C0C1,5.99
99,43,C2C1,11.97
99,44,A1A0,14.14
99,45,A1A0,14.63
99,46,C1B1,11.44
99,47,A0B0,11.48
99,48,C2C1,11.62
99,49,C2C1,11.51
99,9,A0A1,11.9
