time,average_speed,vehicle_count,congestion
1.0,13.89,1,LOW
2.0,14.37114173658807,1,LOW
3.0,13.509508196336633,2,LOW
4.0,13.448224305445276,2,LOW
5.0,13.459055398665335,3,LOW
6.0,13.018463750678,3,LOW
7.0,13.21957039315082,4,LOW
8.0,13.479223211268407,4,LOW
9.0,13.92043737447204,5,LOW
10.0,13.37113201192735,5,LOW
11.0,13.27441302611531,6,LOW
12.0,12.881331220318481,6,LOW
13.0,13.27590968428279,7,LOW
14.0,13.289563477284403,7,LOW
15.0,13.12635567366331,8,LOW
16.0,13.22853528722724,8,LOW
17.0,12.841328686066753,9,LOW
18.0,12.68226590691272,9,LOW
19.0,11.521869276238911,10,LOW
20.0,10.756569040645314,10,LOW
21.0,10.477284145488936,11,LOW
22.0,10.379599020553322,11,LOW
23.0,10.358834597327503,11,LOW
24.0,10.654377162586075,12,LOW
25.0,11.140401677009898,13,LOW
26.0,11.329110851936253,13,LOW
27.0,11.355504296151182,14,LOW
28.0,11.119261653510833,14,LOW
29.0,10.51410174362752,15,LOW
30.0,10.429196519240252,15,LOW
31.0,10.286693800792387,16,LOW
32.0,10.539390134741707,16,LOW
33.0,10.613418316136908,17,LOW
34.0,10.612277546678543,17,LOW
35.0,10.61803060813588,18,LOW
36.0,10.453165454724905,18,LOW
37.0,9.613644651173928,19,MEDIUM
38.0,9.285471937962395,19,MEDIUM
39.0,9.104557671536858,20,MEDIUM
40.0,8.911668019629964,19,MEDIUM
41.0,9.422308138961762,20,MEDIUM
42.0,9.76340555804458,20,MEDIUM
43.0,9.58301128839934,19,MEDIUM
44.0,9.615019462133903,20,MEDIUM
45.0,9.82390573226324,21,MEDIUM
46.0,9.808811609746238,21,MEDIUM
47.0,10.11656142126017,22,LOW
48.0,10.44182171963136,22,LOW
49.0,10.513860758447455,23,LOW
50.0,10.012383379061962,22,LOW
51.0,9.667310408938658,23,MEDIUM
52.0,9.368783014113154,23,MEDIUM
53.0,9.454783308505382,24,MEDIUM
54.0,9.617222758422757,24,MEDIUM
55.0,9.554230478652647,25,MEDIUM
56.0,9.708475777635558,25,MEDIUM
57.0,9.851725430744837,25,MEDIUM
58.0,10.16943020317497,25,LOW
59.0,10.568134097548684,26,LOW
60.0,10.728433143497217,26,LOW
61.0,10.643031973947545,27,LOW
62.0,10.515422472448963,27,LOW
63.0,10.38729171721333,28,LOW
64.0,10.097027079122366,28,LOW
65.0,10.0426524696439,29,LOW
66.0,9.773788883686562,29,MEDIUM
67.0,9.247751304771947,30,MEDIUM
68.0,8.825911405771157,30,MEDIUM
69.0,8.38544728906945,30,MEDIUM
70.0,8.285741757093737,30,MEDIUM
71.0,8.156987516771826,31,MEDIUM
72.0,8.353985509735045,31,MEDIUM
73.0,8.639274099915413,32,MEDIUM
74.0,8.48746441221878,31,MEDIUM
75.0,8.13518117332496,32,MEDIUM
76.0,8.204867625983441,32,MEDIUM
77.0,8.474860165436354,33,MEDIUM
78.0,8.557664951612919,32,MEDIUM
79.0,8.447867151087852,32,MEDIUM
80.0,8.054070209842171,32,MEDIUM
81.0,7.856593229839246,32,MEDIUM
82.0,7.56750135242466,32,MEDIUM
83.0,7.452980160449242,32,MEDIUM
84.0,7.21419846798136,32,MEDIUM
85.0,7.475222407979773,34,MEDIUM
86.0,6.991120744515268,34,MEDIUM
87.0,7.048302131263884,35,MEDIUM
88.0,6.729189433346623,35,MEDIUM
89.0,6.6849653526800425,35,MEDIUM
90.0,6.495689853817355,35,MEDIUM
91.0,6.753890464703527,36,MEDIUM
92.0,7.0243161597827735,35,MEDIUM
93.0,7.355433028338776,35,MEDIUM
94.0,7.711629036450925,35,MEDIUM
95.0,8.209815584761845,36,MEDIUM
96.0,8.523168272548359,37,MEDIUM
97.0,9.038858072982377,38,MEDIUM
98.0,9.098025502482818,37,MEDIUM
99.0,9.051967962006108,38,MEDIUM
100.0,9.197335226356916,38,MEDIUM
101.0,9.231916403670228,38,MEDIUM
102.0,9.711769011056893,38,MEDIUM
103.0,10.14731155406503,39,LOW
104.0,10.47606574126275,40,LOW
105.0,10.774467730346894,41,LOW
106.0,10.857273338534588,40,LOW
107.0,11.028463705495902,41,LOW
108.0,10.845344365363989,41,LOW
109.0,10.716942387183671,41,LOW
110.0,10.255981753032078,40,LOW
111.0,9.992635887555572,41,MEDIUM
112.0,9.72326091396273,41,MEDIUM
113.0,9.149877434514137,42,MEDIUM
114.0,8.653600455437243,42,MEDIUM
115.0,8.235234325117604,42,MEDIUM
116.0,7.6116627081892645,41,MEDIUM
117.0,7.415140470643012,42,MEDIUM
118.0,7.107034820170154,42,MEDIUM
119.0,7.083388076522099,43,MEDIUM
120.0,6.664835181353193,42,MEDIUM
121.0,6.562733452367056,42,MEDIUM
122.0,6.6376894571005405,43,MEDIUM
123.0,6.5465812517982105,43,MEDIUM
124.0,6.65331796491536,44,MEDIUM
125.0,6.793362659203036,45,MEDIUM
126.0,6.675635058476316,44,MEDIUM
127.0,6.835813166846932,45,MEDIUM
128.0,6.458866211716034,44,MEDIUM
129.0,6.344648582303256,45,MEDIUM
130.0,6.2649709931189905,45,MEDIUM
131.0,6.173535003386294,46,MEDIUM
132.0,5.981914274135896,46,MEDIUM
133.0,5.974186001694126,47,MEDIUM
134.0,5.909414859319106,46,MEDIUM
135.0,6.028616701861388,47,MEDIUM
136.0,5.6920684809622575,45,MEDIUM
137.0,5.651526717543104,45,MEDIUM
138.0,5.902812107025886,45,MEDIUM
139.0,6.031953748432448,45,MEDIUM
140.0,6.501471544152606,45,MEDIUM
141.0,6.860290434137165,45,MEDIUM
142.0,7.343147478542763,45,MEDIUM
143.0,7.894885352669376,46,MEDIUM
144.0,8.124262186670306,46,MEDIUM
145.0,8.165601614338414,47,MEDIUM
146.0,8.277288531029138,47,MEDIUM
147.0,8.590140941227451,48,MEDIUM
148.0,8.614285476186073,48,MEDIUM
149.0,8.614366871833786,48,MEDIUM
150.0,8.557796207602822,48,MEDIUM
151.0,8.862651748328533,49,MEDIUM
152.0,8.803180364550062,49,MEDIUM
153.0,8.641716353358465,49,MEDIUM
154.0,8.699126880828466,50,MEDIUM
155.0,8.440090725727403,50,MEDIUM
156.0,8.165341153411976,50,MEDIUM
157.0,7.9637992831870505,50,MEDIUM
158.0,7.932720620031761,51,MEDIUM
159.0,7.8736750429132,49,MEDIUM
160.0,7.762126853553534,49,MEDIUM
161.0,7.405985746407545,51,MEDIUM
162.0,7.674091755575437,51,MEDIUM
163.0,7.898376685212411,51,MEDIUM
164.0,8.086227956574755,51,MEDIUM
165.0,8.176661437972289,51,MEDIUM
166.0,7.8807848222239825,48,MEDIUM
167.0,7.743425416867409,48,MEDIUM
168.0,7.31466815482568,47,MEDIUM
169.0,7.016674108556412,47,MEDIUM
170.0,6.918749512769868,47,MEDIUM
171.0,7.008633581417673,47,MEDIUM
172.0,6.881715069573436,47,MEDIUM
173.0,6.8611708482542575,48,MEDIUM
174.0,6.715002239559064,47,MEDIUM
175.0,6.3171762410351375,48,MEDIUM
176.0,6.33302763547092,48,MEDIUM
177.0,6.169440053605051,50,MEDIUM
178.0,5.965890627844476,50,MEDIUM
179.0,5.9158683301107375,51,MEDIUM
180.0,5.837354171434235,51,MEDIUM
181.0,5.950504747384826,50,MEDIUM
182.0,6.391489419963632,50,MEDIUM
183.0,6.634172494894604,51,MEDIUM
184.0,6.729838417240575,50,MEDIUM
185.0,6.858533909845648,50,MEDIUM
186.0,6.962863330387841,49,MEDIUM
187.0,7.0099041162476325,50,MEDIUM
188.0,7.159134406341005,49,MEDIUM
189.0,7.091646425805268,50,MEDIUM
190.0,7.265784892228798,49,MEDIUM
191.0,7.526366426874866,48,MEDIUM
192.0,7.633869073909939,48,MEDIUM
193.0,7.531409447269201,48,MEDIUM
194.0,7.695675233392511,48,MEDIUM
195.0,7.907808480955922,49,MEDIUM
196.0,8.062631835212057,49,MEDIUM
197.0,8.137334871695405,50,MEDIUM
198.0,7.866760552561898,50,MEDIUM
199.0,7.626180922182163,50,MEDIUM
200.0,7.445076936400128,50,MEDIUM
201.0,7.554614146112481,49,MEDIUM
202.0,7.7203750762742365,49,MEDIUM
203.0,7.892319608109666,50,MEDIUM
204.0,7.699952848946639,50,MEDIUM
205.0,7.494032474739903,49,MEDIUM
206.0,7.530156992020388,50,MEDIUM
207.0,7.710684514471215,50,MEDIUM
208.0,7.792541592640407,50,MEDIUM
209.0,7.697462497809026,49,MEDIUM
210.0,7.536836465380354,50,MEDIUM
211.0,7.712644474790706,50,MEDIUM
212.0,8.013282723936547,50,MEDIUM
213.0,7.882672138407258,51,MEDIUM
214.0,7.685933521275151,51,MEDIUM
215.0,7.410804985437559,51,MEDIUM
216.0,7.321336322710117,51,MEDIUM
217.0,6.885500510998831,50,MEDIUM
218.0,6.8239648224357214,50,MEDIUM
219.0,6.915109997642822,51,MEDIUM
220.0,6.628323039401673,50,MEDIUM
221.0,6.665048661215673,50,MEDIUM
222.0,6.582695808164537,51,MEDIUM
223.0,6.49610889932022,52,MEDIUM
224.0,6.265682247328964,52,MEDIUM
225.0,6.073629313303827,52,MEDIUM
226.0,6.1844612764093005,52,MEDIUM
227.0,6.156206496566601,52,MEDIUM
228.0,6.424860713884285,52,MEDIUM
229.0,6.772159248356865,53,MEDIUM
230.0,7.104528661444901,53,MEDIUM
231.0,7.400400067253876,52,MEDIUM
232.0,7.661395402091866,52,MEDIUM
233.0,7.753231225973069,52,MEDIUM
234.0,7.494294858667007,51,MEDIUM
235.0,7.538443451568345,51,MEDIUM
236.0,7.5436828160743445,51,MEDIUM
237.0,7.702762844476363,51,MEDIUM
238.0,7.623816914559244,51,MEDIUM
239.0,7.34959895283506,51,MEDIUM
240.0,6.9631041300278245,51,MEDIUM
241.0,6.6090808159619066,51,MEDIUM
242.0,6.455888610619222,51,MEDIUM
243.0,6.3581149110365764,52,MEDIUM
244.0,6.043175883552195,51,MEDIUM
245.0,5.756818548774713,53,MEDIUM
246.0,5.521166022590047,53,MEDIUM
247.0,5.414484557200343,53,MEDIUM
248.0,5.438126367788585,53,MEDIUM
249.0,5.841008675727862,55,MEDIUM
250.0,5.900596940965319,54,MEDIUM
251.0,6.01525322833796,55,MEDIUM
252.0,5.977271553579934,55,MEDIUM
253.0,5.7927830598252195,54,MEDIUM
254.0,5.885959103377704,54,MEDIUM
255.0,6.063604567711978,55,MEDIUM
256.0,5.891942409280407,55,MEDIUM
257.0,5.816591974819669,55,MEDIUM
258.0,5.749547049829162,55,MEDIUM
259.0,5.683403086579443,55,MEDIUM
260.0,5.580411174045881,55,MEDIUM
261.0,5.694979686657049,57,MEDIUM
262.0,5.584461086614863,57,MEDIUM
263.0,5.417045686039776,59,MEDIUM
264.0,5.496527628232882,58,MEDIUM
265.0,5.8254032898617565,59,MEDIUM
266.0,5.989472428894158,58,MEDIUM
267.0,6.131480509386728,58,MEDIUM
268.0,6.126318487412645,58,MEDIUM
269.0,5.878722408417388,58,MEDIUM
270.0,5.949752855194814,58,MEDIUM
271.0,6.331294271379293,59,MEDIUM
272.0,6.421588731628725,58,MEDIUM
273.0,6.57855678660575,59,MEDIUM
274.0,6.909014484526824,56,MEDIUM
275.0,7.077449525293347,55,MEDIUM
276.0,7.231555040626418,52,MEDIUM
277.0,7.637198288292859,53,MEDIUM
278.0,7.846372470051454,53,MEDIUM
279.0,7.845795936870716,52,MEDIUM
280.0,7.477683088907514,51,MEDIUM
281.0,7.5168966358139215,51,MEDIUM
282.0,7.513184352290734,50,MEDIUM
283.0,7.815620300932812,51,MEDIUM
284.0,7.933723276853557,49,MEDIUM
285.0,8.07299546439305,50,MEDIUM
286.0,8.17317623402797,51,MEDIUM
287.0,8.032904562216634,52,MEDIUM
288.0,7.778007032512604,52,MEDIUM
289.0,7.236020984818678,51,MEDIUM
290.0,6.781842054188706,51,MEDIUM
291.0,6.526151057330779,51,MEDIUM
292.0,6.106845597863103,51,MEDIUM
293.0,5.805857367914486,52,MEDIUM
294.0,5.489990907160973,52,MEDIUM
295.0,5.291001339256805,53,MEDIUM
296.0,5.147538497219386,53,MEDIUM
297.0,4.974514008091224,54,HIGH
298.0,4.815652906157205,54,HIGH
299.0,4.721692476471416,55,HIGH
300.0,4.288123190451078,54,HIGH
301.0,4.317315983105452,54,HIGH
302.0,4.558596643712671,54,HIGH
303.0,4.726677061190198,54,HIGH
304.0,4.885162750674085,53,HIGH
305.0,5.096629881335974,54,MEDIUM
306.0,5.123403580558946,54,MEDIUM
307.0,5.0029079806474615,54,MEDIUM
308.0,4.861644329798689,54,HIGH
309.0,4.738539340848716,54,HIGH
310.0,4.374331701120014,53,HIGH
311.0,4.215311648522622,53,HIGH
312.0,3.9818214470448003,53,HIGH
313.0,3.9322324250013003,53,HIGH
314.0,3.687253007161414,52,HIGH
315.0,3.3485336909630385,52,HIGH
316.0,3.180306256926206,51,HIGH
317.0,3.2289421217693466,51,HIGH
318.0,3.38350695481736,50,HIGH
319.0,3.5783872854364707,50,HIGH
320.0,3.9964624826319084,50,HIGH
321.0,4.451834632928905,50,HIGH
322.0,5.05925899830021,49,MEDIUM
323.0,5.579875734919029,48,MEDIUM
324.0,5.863256285899423,47,MEDIUM
325.0,6.023299363047026,46,MEDIUM
326.0,6.488233432464415,46,MEDIUM
327.0,6.958764017926856,45,MEDIUM
328.0,7.337437085439261,45,MEDIUM
329.0,7.881877842540148,44,MEDIUM
330.0,8.360603173707931,43,MEDIUM
331.0,8.551828071405886,43,MEDIUM
332.0,8.496862118971316,43,MEDIUM
333.0,7.9336046793354535,42,MEDIUM
334.0,7.558737862853054,41,MEDIUM
335.0,7.48450835031524,41,MEDIUM
336.0,7.603919811731782,41,MEDIUM
337.0,7.472620923635793,40,MEDIUM
338.0,7.535321223188679,40,MEDIUM
339.0,7.545677425021298,40,MEDIUM
340.0,7.5749905986604045,39,MEDIUM
341.0,7.564804083853247,39,MEDIUM
342.0,7.080724238584282,39,MEDIUM
343.0,6.7721638869527645,39,MEDIUM
344.0,6.569437974929443,39,MEDIUM
345.0,6.745737941837577,39,MEDIUM
346.0,6.922820423479789,39,MEDIUM
347.0,7.0420461020498015,39,MEDIUM
348.0,7.056991863151244,38,MEDIUM
349.0,7.141066537354246,37,MEDIUM
350.0,6.999721027215576,35,MEDIUM
351.0,7.018118152822481,35,MEDIUM
352.0,6.952826620111983,35,MEDIUM
353.0,6.670806018009213,34,MEDIUM
354.0,6.3475206539549305,33,MEDIUM
355.0,6.250963504455047,33,MEDIUM
356.0,6.274773430063476,33,MEDIUM
357.0,6.197430018049327,33,MEDIUM
358.0,5.770106246108854,33,MEDIUM
359.0,5.3970562423511685,33,MEDIUM
360.0,5.017215142810575,33,MEDIUM
361.0,4.852436140002499,32,HIGH
362.0,4.969593735286959,30,HIGH
363.0,5.806444421483381,30,MEDIUM
364.0,6.468885787552521,29,MEDIUM
365.0,7.042352790940401,29,MEDIUM
366.0,7.863420228350801,29,MEDIUM
367.0,8.394131424848565,26,MEDIUM
368.0,8.853400730176126,25,MEDIUM
369.0,9.240349462229789,24,MEDIUM
370.0,9.47830323155148,23,MEDIUM
371.0,9.882776504843056,21,MEDIUM
372.0,10.00859377258081,21,LOW
373.0,10.08626043992774,19,LOW
374.0,10.421590616511484,19,LOW
375.0,10.952588450672142,19,LOW
376.0,11.530133992305458,19,LOW
377.0,11.438155442616743,18,LOW
378.0,11.333355463012763,16,LOW
379.0,10.419214720904222,14,LOW
380.0,9.50061464413741,13,MEDIUM
381.0,8.719253753636252,12,MEDIUM
382.0,8.12690369378418,12,MEDIUM
383.0,7.640785744140353,12,MEDIUM
384.0,7.243159443539018,12,MEDIUM
385.0,7.075381811194478,12,MEDIUM
386.0,7.430519693749744,12,MEDIUM
387.0,7.805635690687339,12,MEDIUM
388.0,8.407259814879643,12,MEDIUM
389.0,7.833491356759677,12,MEDIUM
390.0,7.367966646263571,12,MEDIUM
391.0,7.586716494149635,12,MEDIUM
392.0,6.892866554792835,11,MEDIUM
393.0,6.6231753948956404,11,MEDIUM
394.0,6.156672630411899,11,MEDIUM
395.0,5.743340164013872,11,MEDIUM
396.0,5.8418495565663875,11,MEDIUM
397.0,4.940157890575591,10,HIGH
398.0,4.80840555254681,10,HIGH
399.0,4.4717151689432235,10,HIGH
400.0,3.0809912630910414,9,HIGH
401.0,3.0399238703446008,9,HIGH
402.0,3.076970832023085,9,HIGH
403.0,3.116345864609954,9,HIGH
404.0,3.0742563264965845,9,HIGH
405.0,2.957327754542688,9,HIGH
406.0,3.79507035065693,9,HIGH
407.0,3.62889289652224,8,HIGH
408.0,4.8644756708629915,8,HIGH
409.0,5.921907116444778,8,MEDIUM
410.0,7.147562422722373,7,MEDIUM
411.0,7.953190223235913,7,MEDIUM
412.0,8.842990754026571,7,MEDIUM
413.0,9.60137163489354,7,MEDIUM
414.0,9.875130772243546,7,MEDIUM
415.0,10.605417042136096,7,LOW
416.0,10.912088842832242,7,LOW
417.0,11.424576164023987,7,LOW
418.0,11.844615322556493,7,LOW
419.0,11.928878134242199,7,LOW
420.0,11.537736911941257,7,LOW
421.0,11.943498348979485,7,LOW
422.0,11.701861878091275,7,LOW
423.0,11.268100698840037,6,LOW
424.0,10.738846730080596,6,LOW
425.0,8.040922297026624,4,MEDIUM
426.0,8.37371987535305,4,MEDIUM
427.0,7.7829075188856915,4,MEDIUM
428.0,4.5350728128602436,3,HIGH
429.0,5.138640477368611,3,MEDIUM
430.0,6.444686503576428,3,MEDIUM
431.0,7.66468488475543,3,MEDIUM
432.0,8.234133607437082,3,MEDIUM
433.0,8.792208617165864,3,MEDIUM
434.0,9.302741142063612,3,MEDIUM
435.0,9.191891403127672,3,MEDIUM
436.0,9.051335527542257,3,MEDIUM
437.0,9.376279270458864,3,MEDIUM
438.0,9.320739169213198,3,MEDIUM
439.0,9.401230438236047,3,MEDIUM
440.0,9.046850768930797,3,MEDIUM
441.0,9.035698445393605,3,MEDIUM
442.0,7.259123029178765,2,MEDIUM
443.0,0.0,1,HIGH
444.0,0.0,1,HIGH
445.0,0.0,1,HIGH
446.0,0.0,1,HIGH
447.0,0.0,1,HIGH
448.0,0.0,1,HIGH
449.0,0.0,1,HIGH
450.0,0.0,1,HIGH
451.0,2.399927636026405,1,HIGH
452.0,3.72954429325182,1,HIGH
453.0,5.679293947969563,1,MEDIUM
454.0,7.684374502929859,1,MEDIUM
455.0,8.990723036043347,1,MEDIUM
456.0,10.952897116309032,1,LOW
457.0,12.658367538359016,1,LOW
458.0,14.242518018261404,1,LOW
459.0,13.71504339974454,1,LOW
460.0,14.075806216528514,1,LOW
461.0,14.159678126737347,1,LOW
462.0,13.31764776656019,1,LOW
463.0,13.575599511764818,1,LOW
464.0,14.352672230411196,1,LOW
465.0,13.870395030319566,1,LOW
466.0,14.156351518240632,1,LOW
467.0,14.068894954985812,1,LOW
